email,first_name,last_name,job_title,seniority_level,company_name,company_domain,industry,linkedin_url,phone,employee_count
alex.mercer@apexflow.io,Alex,Mercer,VP of Engineering,VP,ApexFlow,apexflow.io,DevOps & Cloud,https://linkedin.com/in/alex-mercer-fictional,+1-555-0101,120
elena.rostova@cyberguard.net,Elena,Rostova,Chief Information Security Officer,C-Level,CyberGuard,cyberguard.net,Cybersecurity,https://linkedin.com/in/elena-rostova-fictional,+1-555-0102,85
marcus.vance@datacraft.ai,Marcus,Vance,Head of Data,Director,DataCraft,datacraft.ai,Data & Analytics,https://linkedin.com/in/marcus-vance-fictional,+1-555-0103,45
chloe.tan@designify.co,Chloe,Tan,VP of Product,VP,Designify,designify.co,Design Tools,https://linkedin.com/in/chloe-tan-fictional,+1-555-0104,150
devon.lane@finverge.com,Devon,Lane,Director of Growth,Director,FinVerge,finverge.com,FinTech,https://linkedin.com/in/devon-lane-fictional,+1-555-0105,210
sarah.jenkins@hrpulse.org,Sarah,Jenkins,VP of People,VP,HRPulse,hrpulse.org,HR Tech,https://linkedin.com/in/sarah-jenkins-fictional,+1-555-0106,95
tariq.mahmood@logixlink.com,Tariq,Mahmood,Director of Operations,Director,LogixLink,logixlink.com,Logistics & Supply Chain,https://linkedin.com/in/tariq-mahmood-fictional,+1-555-0107,310
rachel.green@marketpulse.io,Rachel,Green,VP of Demand Gen,VP,MarketPulse,marketpulse.io,MarTech,https://linkedin.com/in/rachel-green-fictional,+1-555-0108,180
vikram.singh@neuronets.ai,Vikram,Singh,Chief AI Architect,C-Level,NeuroNets,neuronets.ai,Artificial Intelligence,https://linkedin.com/in/vikram-singh-fictional,+1-555-0109,60
sophie.dubois@paystream.fr,Sophie,Dubois,Head of Billing,Director,PayStream,paystream.fr,FinTech,https://linkedin.com/in/sophie-dubois-fictional,+33-1-555-0110,135
liam.oconnor@cloudscale.net,Liam,O'Connor,Director of Infrastructure,Director,CloudScale,cloudscale.net,Cloud Infrastructure,https://linkedin.com/in/liam-oconnor-fictional,+1-555-0111,250
yuki.sato@zenithcorp.jp,Yuki,Sato,VP of Global Sales,VP,Zenith Corp,zenithcorp.jp,Enterprise Software,https://linkedin.com/in/yuki-sato-fictional,+81-3-555-0112,850
clara.mendel@biotechlabs.de,Clara,Mendel,Head of Research,Director,Biotech Labs,biotechlabs.de,Biotechnology,https://linkedin.com/in/clara-mendel-fictional,+1-555-0113,70
oliver.twist@novacode.co,Oliver,Twist,Lead Developer,Manager,NovaCode,novacode.co,Developer Tools,https://linkedin.com/in/oliver-twist-fictional,+1-555-0114,35
fatima.alsayed@desertsolar.ae,Fatima,Al-Sayed,Director of Sustainability,Director,Desert Solar,desertsolar.ae,Renewable Energy,https://linkedin.com/in/fatima-alsayed-fictional,+971-4-555-0115,115
james.bond@spyglass.net,James,Bond,Head of Intelligence,Director,SpyGlass,spyglass.net,Cybersecurity,https://linkedin.com/in/james-bond-fictional,+1-555-0116,15
natalie.port@soundwave.io,Natalie,Port,VP of Marketing,VP,SoundWave,soundwave.io,Audio Tech,https://linkedin.com/in/natalie-port-fictional,+1-555-0117,140
steve.rogers@shielddefense.com,Steve,Rogers,Director of Security,Director,Shield Defense,shielddefense.com,Aerospace & Defense,https://linkedin.com/in/steve-rogers-fictional,+1-555-0118,500
bruce.wayne@waynecorp.net,Bruce,Wayne,Founder & CEO,C-Level,WayneCorp,waynecorp.net,Industrial Manufacturing,https://linkedin.com/in/bruce-wayne-fictional,+1-555-0119,1200
diana.prince@themystech.com,Diana,Prince,VP of Operations,VP,Themys Tech,themystech.com,Education Technology,https://linkedin.com/in/diana-prince-fictional,+1-555-0120,80
peter.parker@buglemedia.com,Peter,Parker,Head of Digital Content,Director,Bugle Media,buglemedia.com,Media & Publishing,https://linkedin.com/in/peter-parker-fictional,+1-555-0121,240
tony.stark@arcenergy.io,Tony,Stark,Chief Technology Officer,C-Level,Arc Energy,arcenergy.io,Clean Energy,https://linkedin.com/in/tony-stark-fictional,+1-555-0122,950
selina.kyle@catwalk.co,Selina,Kyle,VP of E-commerce,VP,Catwalk,catwalk.co,Retail & E-commerce,https://linkedin.com/in/selina-kyle-fictional,+1-555-0123,110
clark.kent@dailyplanet.org,Clark,Kent,Director of Public Relations,Director,Daily Planet,dailyplanet.org,Media & Publishing,https://linkedin.com/in/clark-kent-fictional,+1-555-0124,310
barry.allen@speedrun.io,Barry,Allen,Lead Quality Assurance,Manager,SpeedRun,speedrun.io,Gaming & Entertainment,https://linkedin.com/in/barry-allen-fictional,+1-555-0125,55
arthur.curry@atlantisaqua.com,Arthur,Curry,Director of Marine Logistics,Director,Atlantis Aqua,atlantisaqua.com,Maritime Operations,https://linkedin.com/in/arthur-curry-fictional,+1-555-0126,350
hal.jordan@lanternaero.com,Hal,Jordan,VP of Aviation,VP,Lantern Aero,lanternaero.com,Aerospace,https://linkedin.com/in/hal-jordan-fictional,+1-555-0127,175
bruce.banner@gammaanalytics.co,Bruce,Banner,Chief Scientific Officer,C-Level,Gamma Analytics,gammaanalytics.co,Data Analytics,https://linkedin.com/in/bruce-banner-fictional,+1-555-0128,90
wanda.maximoff@hextech.io,Wanda,Maximoff,VP of Product Strategy,VP,HexTech,hextech.io,Virtual Reality,https://linkedin.com/in/wanda-maximoff-fictional,+1-555-0129,195
victor.stone@cyberdyne.net,Victor,Stone,VP of Robotic Systems,VP,Cyberdyne Systems,cyberdyne.net,Robotics & Automation,https://linkedin.com/in/victor-stone-fictional,+1-555-0130,400
